{
  "as_of": "2025-09-27",
  "stocks": {
    "ABX.TO": 48.06,
    "FM.TO": 29.12,
    "CNQ.TO": 45.57
  },
  "crypto": {
    "DOGE": 0.322835,
    "AVAX": 40.24,
    "DOT": 5.44,
    "ENA": 0.810767,
    "WLD": 1.79,
    "MOODENG": 0.206279,
    "BNB": 1355.39
  }
}