{
  "as_of": "2025-10-12",
  "stocks": {
    "ABX.TO": 45.86,
    "FM.TO": 31.75,
    "CNQ.TO": 43.97,
    "TECK.B.TO": 58.64,
    "SHOP.TO": 211.39
  },
  "crypto": {
    "DOGE": 0.289594,
    "AVAX": 31.59,
    "DOT": 4.52,
    "ENA": 0.563976,
    "WLD": 1.41,
    "MOODENG": 0.178093,
    "BNB": 1818.67,
    "SNX": 2.22,
    "CELO": 0.407806
  }
}