{
  "as_of": "2025-09-18",
  "stocks": {
    "ABX.TO": 41.24,
    "FM.TO": 26.39
  },
  "crypto": {
    "DOGE": 0.392425,
    "AVAX": 47.8,
    "DOT": 6.32,
    "ENA": 0.96912,
    "WLD": 2.2,
    "MOODENG": 0.269008
  }
}