{
  "as_of": "2025-09-20",
  "stocks": {
    "ABX.TO": 45.55,
    "FM.TO": 27
  },
  "crypto": {
    "DOGE": 0.365636,
    "AVAX": 46.58,
    "DOT": 5.98,
    "ENA": 0.918311,
    "WLD": 2.06,
    "MOODENG": 0.242242
  }
}