{
  "as_of": "2025-09-30",
  "stocks": {
    "ABX.TO": 45.71,
    "FM.TO": 31.48,
    "CNQ.TO": 44.5
  },
  "crypto": {
    "DOGE": 0.323846,
    "AVAX": 41.72,
    "DOT": 5.44,
    "ENA": 0.778622,
    "WLD": 1.73,
    "MOODENG": 0.204453,
    "BNB": 1400.44
  }
}