{
  "as_of": "2025-09-27",
  "stocks": {
    "ABX.TO": 48.06,
    "FM.TO": 29.12,
    "CNQ.TO": 45.57
  },
  "crypto": {
    "DOGE": 0.324012,
    "AVAX": 40.25,
    "DOT": 5.45,
    "ENA": 0.823863,
    "WLD": 1.79,
    "MOODENG": 0.210783,
    "BNB": 1339.85
  }
}