{
  "as_of": "2025-09-15",
  "stocks": {
    "ABX.TO": 40,
    "FM.TO": 26.74
  },
  "crypto": {
    "DOGE": 0.369583,
    "AVAX": 41.01,
    "DOT": 5.71,
    "ENA": 0.968162,
    "WLD": 2.08
  }
}