{
  "as_of": "2025-10-01",
  "stocks": {
    "ABX.TO": 47.41,
    "FM.TO": 30.88,
    "CNQ.TO": 44.09
  },
  "crypto": {
    "DOGE": 0.342222,
    "AVAX": 42.85,
    "DOT": 5.69,
    "ENA": 0.814307,
    "WLD": 1.82,
    "MOODENG": 0.214154,
    "BNB": 1431.82
  }
}