{
  "as_of": "2025-10-15",
  "stocks": {
    "ABX.TO": 46.8,
    "FM.TO": 31.99,
    "CNQ.TO": 43.44,
    "TECK.B.TO": 60.7,
    "SHOP.TO": 214.84
  },
  "crypto": {
    "DOGE": 0.288713,
    "AVAX": 31.96,
    "DOT": 4.56,
    "ENA": 0.623756,
    "WLD": 1.36,
    "MOODENG": 0.173624,
    "BNB": 1711.69,
    "SNX": 3.1,
    "CELO": 0.435822,
    "BAT": 0.281497,
    "MORPHO": 2.79,
    "CAKE": 4.92
  }
}