{
  "as_of": "2025-09-19",
  "stocks": {
    "ABX.TO": 41.52,
    "FM.TO": 26.29
  },
  "crypto": {
    "DOGE": 0.385827,
    "AVAX": 49.28,
    "DOT": 6.49,
    "ENA": 0.962784,
    "WLD": 2.2,
    "MOODENG": 0.259787
  }
}