{
  "as_of": "2025-09-19",
  "stocks": {
    "ABX.TO": 45.55,
    "FM.TO": 27
  },
  "crypto": {
    "DOGE": 0.367597,
    "AVAX": 46.53,
    "DOT": 6.07,
    "ENA": 0.926249,
    "WLD": 2.08,
    "MOODENG": 0.24619
  }
}