{
  "as_of": "2025-09-25",
  "stocks": {
    "ABX.TO": 48.07,
    "FM.TO": 28.79,
    "CNQ.TO": 45.305
  },
  "crypto": {
    "DOGE": 0.318157,
    "AVAX": 41.55,
    "DOT": 5.44,
    "ENA": 0.807892,
    "WLD": 1.83,
    "MOODENG": 0.202573,
    "BNB": 1346.39
  }
}