{
  "as_of": "2025-09-20",
  "stocks": {
    "ABX.TO": 45.55,
    "FM.TO": 27
  },
  "crypto": {
    "DOGE": 0.369832,
    "AVAX": 45.89,
    "DOT": 6.01,
    "ENA": 0.919092,
    "WLD": 2.1,
    "MOODENG": 0.238825
  }
}