{
  "as_of": "2025-09-29",
  "stocks": {
    "ABX.TO": 48.06,
    "FM.TO": 29.12,
    "CNQ.TO": 45.57
  },
  "crypto": {
    "DOGE": 0.328002,
    "AVAX": 41.29,
    "DOT": 5.54,
    "ENA": 0.820058,
    "WLD": 1.85,
    "MOODENG": 0.211787,
    "BNB": 1388.65
  }
}