{
  "as_of": "2025-09-22",
  "stocks": {
    "ABX.TO": 48.98,
    "FM.TO": 27.945,
    "CNQ.TO": 44.76
  },
  "crypto": {
    "DOGE": 0.32966,
    "AVAX": 43.97,
    "DOT": 5.49,
    "ENA": 0.815709,
    "WLD": 1.89,
    "MOODENG": 0.20859,
    "BNB": 1364.76
  }
}