{
  "as_of": "2025-10-10",
  "stocks": {
    "ABX.TO": 45.77,
    "FM.TO": 31.7,
    "CNQ.TO": 44.41,
    "TECK.B.TO": 58.48,
    "SHOP.TO": 213.45
  },
  "crypto": {
    "DOGE": 0.328137,
    "AVAX": 37.08,
    "DOT": 5.58,
    "ENA": 0.719928,
    "WLD": 1.62,
    "MOODENG": 0.19679,
    "BNB": 1714.42,
    "SNX": 1.77,
    "CELO": 0.469216
  }
}