{
  "as_of": "2025-09-16",
  "stocks": {
    "ABX.TO": 39.81,
    "FM.TO": 26.87
  },
  "crypto": {
    "DOGE": 0.368914,
    "AVAX": 41.61,
    "DOT": 5.87,
    "ENA": 0.974596,
    "WLD": 2.09,
    "MOODENG": 0.247134
  }
}