{
  "as_of": "2025-09-20",
  "stocks": {
    "ABX.TO": 45.55,
    "FM.TO": 27
  },
  "crypto": {
    "DOGE": 0.369179,
    "AVAX": 45.91,
    "DOT": 6.01,
    "ENA": 0.918424,
    "WLD": 2.09,
    "MOODENG": 0.238612
  }
}