{
  "as_of": "2025-10-09",
  "stocks": {
    "ABX.TO": 46.35,
    "FM.TO": 32.75,
    "CNQ.TO": 46.16,
    "TECK.B.TO": 61.3,
    "SHOP.TO": 228.82
  },
  "crypto": {
    "DOGE": 0.34297,
    "AVAX": 39.19,
    "DOT": 5.61,
    "ENA": 0.760239,
    "WLD": 1.67,
    "MOODENG": 0.209694,
    "BNB": 1737.92,
    "SNX": 1.52,
    "CELO": 0.509061
  }
}