{
  "as_of": "2025-09-22",
  "stocks": {
    "ABX.TO": 45.55,
    "FM.TO": 27,
    "CNQ.TO": 43.58
  },
  "crypto": {
    "DOGE": 0.340989,
    "AVAX": 43.49,
    "DOT": 5.69,
    "ENA": 0.867872,
    "WLD": 1.98,
    "MOODENG": 0.218018,
    "BNB": 1424.6
  }
}