{
  "as_of": "2025-09-20",
  "stocks": {
    "ABX.TO": 45.55,
    "FM.TO": 27
  },
  "crypto": {
    "DOGE": 0.369898,
    "AVAX": 45.94,
    "DOT": 6.02,
    "ENA": 0.919468,
    "WLD": 2.1,
    "MOODENG": 0.23936
  }
}