{
  "as_of": "2025-09-29",
  "stocks": {
    "ABX.TO": 48.06,
    "FM.TO": 29.12,
    "CNQ.TO": 45.57
  },
  "crypto": {
    "DOGE": 0.328155,
    "AVAX": 41.41,
    "DOT": 5.55,
    "ENA": 0.821753,
    "WLD": 1.85,
    "MOODENG": 0.21236,
    "BNB": 1409.03
  }
}