{
  "as_of": "2025-10-02",
  "stocks": {
    "ABX.TO": 47.36,
    "FM.TO": 31.75,
    "CNQ.TO": 44,
    "TECK.B.TO": 60.91
  },
  "crypto": {
    "DOGE": 0.362393,
    "AVAX": 43.4,
    "DOT": 6.04,
    "ENA": 0.910378,
    "WLD": 1.89,
    "MOODENG": 0.22923,
    "BNB": 1496.98,
    "SNX": 1.75
  }
}