{
  "as_of": "2025-09-22",
  "stocks": {
    "ABX.TO": 48.94,
    "FM.TO": 27.57,
    "CNQ.TO": 44.4
  },
  "crypto": {
    "DOGE": 0.332052,
    "AVAX": 45.38,
    "DOT": 5.56,
    "ENA": 0.826197,
    "WLD": 1.9,
    "MOODENG": 0.209163,
    "BNB": 1372.03
  }
}