{
  "as_of": "2025-09-20",
  "stocks": {
    "ABX.TO": 45.55,
    "FM.TO": 27
  },
  "crypto": {
    "DOGE": 0.367993,
    "AVAX": 46.04,
    "DOT": 6.04,
    "ENA": 0.922637,
    "WLD": 2.09,
    "MOODENG": 0.237987
  }
}