{
  "as_of": "2025-10-03",
  "stocks": {
    "ABX.TO": 47.29,
    "FM.TO": 32.12,
    "CNQ.TO": 44.49,
    "TECK.B.TO": 60.87
  },
  "crypto": {
    "DOGE": 0.365565,
    "AVAX": 43.63,
    "DOT": 6.06,
    "ENA": 0.874483,
    "WLD": 1.9,
    "MOODENG": 0.22931,
    "BNB": 1609.72,
    "SNX": 1.74
  }
}