{
  "as_of": "2025-09-16",
  "stocks": {
    "ABX.TO": 40,
    "FM.TO": 26.74
  },
  "crypto": {
    "DOGE": 0.363984,
    "AVAX": 41.83,
    "DOT": 5.79,
    "ENA": 0.96853,
    "WLD": 2.07,
    "MOODENG": 0.239601
  }
}