{
  "as_of": "2025-09-17",
  "stocks": {
    "ABX.TO": 40.63,
    "FM.TO": 26.44
  },
  "crypto": {
    "DOGE": 0.389821,
    "AVAX": 42.82,
    "DOT": 6.07,
    "ENA": 0.991227,
    "WLD": 2.21,
    "MOODENG": 0.260604
  }
}