{
  "as_of": "2025-09-18",
  "stocks": {
    "ABX.TO": 40.63,
    "FM.TO": 26.44
  },
  "crypto": {
    "DOGE": 0.387505,
    "AVAX": 45.85,
    "DOT": 6.25,
    "ENA": 0.961323,
    "WLD": 2.16,
    "MOODENG": 0.253762
  }
}