{
  "as_of": "2025-10-06",
  "stocks": {
    "ABX.TO": 47.37,
    "FM.TO": 32.34,
    "CNQ.TO": 44.4,
    "TECK.B.TO": 60.29,
    "SHOP.TO": 224.89
  },
  "crypto": {
    "DOGE": 0.353232,
    "AVAX": 42.23,
    "DOT": 5.79,
    "ENA": 0.806808,
    "WLD": 1.75,
    "MOODENG": 0.228914,
    "BNB": 1647.83,
    "CELO": 0.64801,
    "SNX": 1.58
  }
}