{
  "as_of": "2025-10-12",
  "stocks": {
    "ABX.TO": 45.86,
    "FM.TO": 31.75,
    "CNQ.TO": 43.97,
    "TECK.B.TO": 58.64,
    "SHOP.TO": 211.39
  },
  "crypto": {
    "DOGE": 0.258141,
    "AVAX": 29.47,
    "DOT": 4.16,
    "ENA": 0.494304,
    "WLD": 1.27,
    "MOODENG": 0.147586,
    "BNB": 1574.28,
    "SNX": 1.34,
    "CELO": 0.389793
  }
}