{
  "as_of": "2025-09-20",
  "stocks": {
    "ABX.TO": 45.55,
    "FM.TO": 27
  },
  "crypto": {
    "DOGE": 0.368744,
    "AVAX": 46.17,
    "DOT": 6.07,
    "ENA": 0.926627,
    "WLD": 2.09,
    "MOODENG": 0.24083
  }
}